percentage;lat;lng;lat_labeled;lng_labeled;numberrange;codes_status;codes_msg
73.01%;18.2355914752;-146.7694507008;18.2355914752:lat;-146.7694507008:lng;72;720;C
91.51%;-14.6301648896;-35.1338006528;-14.6301648896:lat;-35.1338006528:lng;28;280;K
13.62%;54.1549105152;-176.2271550464;54.1549105152:lat;-176.2271550464:lng;66;660;r
53.75%;-17.58965504;-18.9874612224;-17.58965504:lat;-18.9874612224:lng;88;880;j
76.27%;25.6188230656;-131.8943901696;25.6188230656:lat;-131.8943901696:lng;64;640;O
61.14%;5.364504064;79.5764685824;5.364504064:lat;79.5764685824:lng;20;200;R
37.75%;-0.9357635584;112.3449485312;-0.9357635584:lat;112.3449485312:lng;90;900;Q
76.58%;-20.3707804672;-30.1804829696;-20.3707804672:lat;-30.1804829696:lng;47;470;T
37.24%;45.8713056256;11.099374592;45.8713056256:lat;11.099374592:lng;81;810;S
75.73%;42.0158813184;-10.4911593472;42.0158813184:lat;-10.4911593472:lng;79;790;p
76.12%;55.3870808064;-19.2449670144;55.3870808064:lat;-19.2449670144:lng;27;270;K
27.37%;-12.1822323712;-33.1368059904;-12.1822323712:lat;-33.1368059904:lng;58;580;Y
21.65%;29.1197495296;50.722520576;29.1197495296:lat;50.722520576:lng;35;350;j
28.39%;77.9284905984;-92.9351749632;77.9284905984:lat;-92.9351749632:lng;62;620;o
21.09%;-88.5728755712;-46.1967210496;-88.5728755712:lat;-46.1967210496:lng;48;480;a
83.15%;56.032603136;-155.0443194368;56.032603136:lat;-155.0443194368:lng;35;350;a
73.57%;-36.8546550784;-68.7326538752;-36.8546550784:lat;-68.7326538752:lng;34;340;b
94.26%;-4.986774016;170.6623852544;-4.986774016:lat;170.6623852544:lng;17;170;M
82.27%;45.9812432896;-45.9140366336;45.9812432896:lat;-45.9140366336:lng;55;550;s
26.86%;-55.4454513664;-52.6085383168;-55.4454513664:lat;-52.6085383168:lng;37;370;U
64.48%;81.426556928;145.4522597376;81.426556928:lat;145.4522597376:lng;61;610;J
67.62%;-2.5146802176;108.2071928832;-2.5146802176:lat;108.2071928832:lng;31;310;O
42.16%;8.822369792;120.3964484608;8.822369792:lat;120.3964484608:lng;43;430;l
21.78%;40.7560346624;123.2891206656;40.7560346624:lat;123.2891206656:lng;35;350;X
50.76%;-67.3435669504;113.9678399488;-67.3435669504:lat;113.9678399488:lng;73;730;y
87.75%;8.675518976;171.1675347968;8.675518976:lat;171.1675347968:lng;96;960;a
14.25%;70.0060540928;94.6082861056;70.0060540928:lat;94.6082861056:lng;87;870;a
81.54%;-50.1352694784;155.1572549632;-50.1352694784:lat;155.1572549632:lng;22;220;b
57.68%;-78.4911179776;-163.8067120128;-78.4911179776:lat;-163.8067120128:lng;88;880;T
21.17%;-87.527301632;-159.5192516608;-87.527301632:lat;-159.5192516608:lng;66;660;E
84.72%;-18.9029344256;-157.8402589696;-18.9029344256:lat;-157.8402589696:lng;29;290;n
33.77%;-1.9179276288;93.2067929088;-1.9179276288:lat;93.2067929088:lng;61;610;c
35.17%;-16.8768796672;15.3618110464;-16.8768796672:lat;15.3618110464:lng;42;420;C
99.75%;62.0370957312;45.8659006464;62.0370957312:lat;45.8659006464:lng;74;740;C
84.58%;-40.2037974016;-145.605154304;-40.2037974016:lat;-145.605154304:lng;84;840;M
85.38%;46.0293165056;92.9523656704;46.0293165056:lat;92.9523656704:lng;41;410;O
32.47%;-60.969461248;-23.5750501376;-60.969461248:lat;-23.5750501376:lng;31;310;I
72.37%;-5.7590633472;-159.5255575552;-5.7590633472:lat;-159.5255575552:lng;94;940;E
23.82%;-54.6480282624;40.8278403072;-54.6480282624:lat;40.8278403072:lng;33;330;Y
37.84%;-14.584720384;-81.239489536;-14.584720384:lat;-81.239489536:lng;87;870;i
22.83%;70.1509410816;24.3601743872;70.1509410816:lat;24.3601743872:lng;55;550;H
22.38%;29.415890432;-35.2727493632;29.415890432:lat;-35.2727493632:lng;80;800;D
74.98%;39.8265867264;-93.84848128;39.8265867264:lat;-93.84848128:lng;17;170;B
54.55%;61.7233225728;-105.5475052544;61.7233225728:lat;-105.5475052544:lng;35;350;s
96.34%;-10.5791778816;-36.9837942784;-10.5791778816:lat;-36.9837942784:lng;18;180;p
51.02%;-12.2140828672;-7.4934291456;-12.2140828672:lat;-7.4934291456:lng;93;930;A
24.22%;-25.4079799296;-179.1616431104;-25.4079799296:lat;-179.1616431104:lng;11;110;W
65.48%;58.5694355456;159.191771648;58.5694355456:lat;159.191771648:lng;67;670;X
56.58%;-52.5621108736;-94.309688832;-52.5621108736:lat;-94.309688832:lng;45;450;H
65.03%;-13.2273160192;-58.2923400192;-13.2273160192:lat;-58.2923400192:lng;38;380;t
51.54%;-0.2338829312;96.0026089472;-0.2338829312:lat;96.0026089472:lng;32;320;N
68.82%;18.728709632;53.827556352;18.728709632:lat;53.827556352:lng;66;660;k
48.71%;-52.825655296;170.798710784;-52.825655296:lat;170.798710784:lng;30;300;o
75.21%;52.0347911168;-165.5818509312;52.0347911168:lat;-165.5818509312:lng;98;980;r
56.53%;-19.3096595456;13.823028224;-19.3096595456:lat;13.823028224:lng;59;590;r
82.17%;39.7285008384;-124.0950785024;39.7285008384:lat;-124.0950785024:lng;86;860;l
64.86%;31.71935744;-22.930917376;31.71935744:lat;-22.930917376:lng;39;390;I
93.44%;54.0286601216;34.0556530688;54.0286601216:lat;34.0556530688:lng;41;410;r
62.37%;69.136870912;22.7229415424;69.136870912:lat;22.7229415424:lng;14;140;n
50.69%;43.7767366656;-72.1368146944;43.7767366656:lat;-72.1368146944:lng;42;420;L
56.23%;43.4881634304;120.9451884544;43.4881634304:lat;120.9451884544:lng;46;460;K
47.72%;37.351581696;111.9699815424;37.351581696:lat;111.9699815424:lng;95;950;k
58.69%;39.9185820672;-135.6758132736;39.9185820672:lat;-135.6758132736:lng;49;490;o
32.43%;58.974147072;-41.828913152;58.974147072:lat;-41.828913152:lng;89;890;M
81.67%;8.7617835008;151.0418185216;8.7617835008:lat;151.0418185216:lng;56;560;w
57.64%;-10.1008753664;-77.3232868352;-10.1008753664:lat;-77.3232868352:lng;17;170;r
65.43%;-34.58267648;49.8068465664;-34.58267648:lat;49.8068465664:lng;84;840;P
92.96%;54.07035392;-164.6327277568;54.07035392:lat;-164.6327277568:lng;12;120;L
46.17%;-68.4357295104;63.2121014272;-68.4357295104:lat;63.2121014272:lng;46;460;F
84.15%;-59.183250944;166.6366957568;-59.183250944:lat;166.6366957568:lng;60;600;j
59.03%;-69.1978436608;-134.65994752;-69.1978436608:lat;-134.65994752:lng;15;150;C
38.55%;5.0937880576;-13.578637312;5.0937880576:lat;-13.578637312:lng;24;240;r
87.13%;-74.0267821056;32.6245008384;-74.0267821056:lat;32.6245008384:lng;73;730;y
93.22%;7.2280392704;-85.805352448;7.2280392704:lat;-85.805352448:lng;18;180;A
37.37%;-51.6634012672;-72.0966100992;-51.6634012672:lat;-72.0966100992:lng;37;370;I
33.13%;-19.3498609664;23.3495830528;-19.3498609664:lat;23.3495830528:lng;71;710;U
69.97%;-76.2677356544;-26.553829376;-76.2677356544:lat;-26.553829376:lng;56;560;X
57.62%;-55.6739836928;163.3619212288;-55.6739836928:lat;163.3619212288:lng;41;410;d
21.93%;-20.2696111104;-45.2965542912;-20.2696111104:lat;-45.2965542912:lng;68;680;Z
76.54%;-15.4558896128;-157.8925797376;-15.4558896128:lat;-157.8925797376:lng;59;590;K
26.97%;28.1271415808;164.2685791232;28.1271415808:lat;164.2685791232:lng;83;830;a
44.92%;9.456413696;120.3841783808;9.456413696:lat;120.3841783808:lng;96;960;g
53.13%;-55.4211456;41.5284694016;-55.4211456:lat;41.5284694016:lng;96;960;j
67.72%;46.3709184;-148.6414880768;46.3709184:lat;-148.6414880768:lng;45;450;U
35.83%;67.1800882176;-153.3792748544;67.1800882176:lat;-153.3792748544:lng;39;390;z
49.35%;-87.806708224;-64.395406848;-87.806708224:lat;-64.395406848:lng;50;500;S
54.89%;-1.1472304128;-155.7461254144;-1.1472304128:lat;-155.7461254144:lng;65;650;f
74.79%;14.4168945664;134.8268517376;14.4168945664:lat;134.8268517376:lng;98;980;X
44.65%;60.0798429184;10.576424448;60.0798429184:lat;10.576424448:lng;47;470;U
33.65%;-4.3434369024;-90.2525672448;-4.3434369024:lat;-90.2525672448:lng;13;130;v
53.85%;-40.5079865344;160.685886976;-40.5079865344:lat;160.685886976:lng;46;460;S
22.13%;0.5172201472;96.1873933312;0.5172201472:lat;96.1873933312:lng;42;420;h
71.46%;80.2756128768;-165.1756566528;80.2756128768:lat;-165.1756566528:lng;54;540;E
96.42%;-52.6831382528;176.9606820864;-52.6831382528:lat;176.9606820864:lng;77;770;B
83.03%;-26.5029379072;-117.9128031232;-26.5029379072:lat;-117.9128031232:lng;91;910;K
39.82%;51.314214912;102.8587752448;51.314214912:lat;102.8587752448:lng;75;750;U
40.86%;-21.03485696;93.0282645504;-21.03485696:lat;93.0282645504:lng;51;510;n
12.88%;-80.1177403392;68.86721792;-80.1177403392:lat;68.86721792:lng;75;750;c
81.44%;-66.6458425344;-27.61121792;-66.6458425344:lat;-27.61121792:lng;59;590;n
25.15%;53.229822464;90.6117755904;53.229822464:lat;90.6117755904:lng;76;760;v
71.77%;-43.42343424;-100.623276032;-43.42343424:lat;-100.623276032:lng;71;710;O
15.13%;59.3403485184;-36.5232951296;59.3403485184:lat;-36.5232951296:lng;70;700;U
91.73%;-21.9973148672;-20.5415811072;-21.9973148672:lat;-20.5415811072:lng;78;780;v
14.44%;21.494763008;13.5190372352;21.494763008:lat;13.5190372352:lng;94;940;v
29.42%;84.2618725376;21.5128587264;84.2618725376:lat;21.5128587264:lng;88;880;O
50.63%;-17.6348136448;179.6347511808;-17.6348136448:lat;179.6347511808:lng;16;160;H
93.88%;58.4741153792;-11.3437546496;58.4741153792:lat;-11.3437546496:lng;45;450;g
22.76%;61.9185266688;74.4579122176;61.9185266688:lat;74.4579122176:lng;73;730;Z
28.75%;-38.4195510272;10.4288354304;-38.4195510272:lat;10.4288354304:lng;88;880;o
22.37%;22.265431552;-172.7564428288;22.265431552:lat;-172.7564428288:lng;44;440;R
26.17%;-22.0309786624;138.5309683712;-22.0309786624:lat;138.5309683712:lng;82;820;f
34.74%;-72.3833240576;139.1534370816;-72.3833240576:lat;139.1534370816:lng;36;360;I
57.28%;75.7870401536;38.0159813632;75.7870401536:lat;38.0159813632:lng;29;290;r
74.38%;40.8099559424;-14.4490672128;40.8099559424:lat;-14.4490672128:lng;23;230;q
56.98%;2.681507328;-57.4271408128;2.681507328:lat;-57.4271408128:lng;65;650;K
41.45%;-54.7625348096;-88.1611143168;-54.7625348096:lat;-88.1611143168:lng;48;480;Q
27.86%;48.5572681728;72.4319694848;48.5572681728:lat;72.4319694848:lng;97;970;D
56.89%;-51.7226831872;80.2915723264;-51.7226831872:lat;80.2915723264:lng;66;660;G
92.38%;-71.1680263168;-53.9490518016;-71.1680263168:lat;-53.9490518016:lng;23;230;U
93.86%;-69.6158043136;-155.3940012032;-69.6158043136:lat;-155.3940012032:lng;67;670;R
69.19%;-44.6409851904;-83.6880075776;-44.6409851904:lat;-83.6880075776:lng;38;380;f
76.45%;56.1124089856;134.00824064;56.1124089856:lat;134.00824064:lng;82;820;u
27.77%;-41.238183936;168.784820736;-41.238183936:lat;168.784820736:lng;55;550;d
37.16%;-4.7675993088;-93.0073468928;-4.7675993088:lat;-93.0073468928:lng;99;990;a
38.36%;-76.3981674496;-78.9461912576;-76.3981674496:lat;-78.9461912576:lng;37;370;j
78.48%;-47.8415013888;143.9121266688;-47.8415013888:lat;143.9121266688:lng;59;590;y
23.83%;0.2369005568;32.1017049088;0.2369005568:lat;32.1017049088:lng;81;810;E
46.42%;-61.2609190912;-157.4836629504;-61.2609190912:lat;-157.4836629504:lng;76;760;U
26.35%;-13.1500855296;130.744028672;-13.1500855296:lat;130.744028672:lng;23;230;r
51.67%;23.3522143232;-15.2487215104;23.3522143232:lat;-15.2487215104:lng;75;750;O
32.84%;84.2754179072;-81.600575488;84.2754179072:lat;-81.600575488:lng;61;610;B
77.33%;1.291112448;71.8454560768;1.291112448:lat;71.8454560768:lng;46;460;G
71.34%;30.637727744;-168.2569857024;30.637727744:lat;-168.2569857024:lng;43;430;t
27.22%;89.3663842304;10.0215670784;89.3663842304:lat;10.0215670784:lng;93;930;m
23.01%;83.2854771712;23.9807886336;83.2854771712:lat;23.9807886336:lng;34;340;u
40.76%;58.1466374144;-149.5396184064;58.1466374144:lat;-149.5396184064:lng;62;620;R
92.85%;31.6649668608;85.742455296;31.6649668608:lat;85.742455296:lng;46;460;t
72.47%;-59.2973708288;-16.6912412672;-59.2973708288:lat;-16.6912412672:lng;43;430;Z
64.55%;-47.2721874944;32.4538653696;-47.2721874944:lat;32.4538653696:lng;74;740;C
72.57%;70.3879304192;173.0633582592;70.3879304192:lat;173.0633582592:lng;20;200;z
87.36%;55.566182912;-144.0548724736;55.566182912:lat;-144.0548724736:lng;17;170;G
78.17%;52.1289491456;91.8741592064;52.1289491456:lat;91.8741592064:lng;82;820;t
84.78%;-40.1610094592;140.9627174912;-40.1610094592:lat;140.9627174912:lng;52;520;g
56.68%;43.2860710912;-69.6638306304;43.2860710912:lat;-69.6638306304:lng;66;660;z
84.62%;-59.203072512;136.1041912832;-59.203072512:lat;136.1041912832:lng;64;640;K
76.61%;-10.3638254592;-11.5028615168;-10.3638254592:lat;-11.5028615168:lng;83;830;Q
85.75%;10.8561988608;-155.59945472;10.8561988608:lat;-155.59945472:lng;70;700;P
83.75%;-74.5841099776;168.7102582784;-74.5841099776:lat;168.7102582784:lng;80;800;Y
66.19%;-50.04191232;-2.9946456064;-50.04191232:lat;-2.9946456064:lng;31;310;c
35.65%;-55.4865477632;-59.5201449984;-55.4865477632:lat;-59.5201449984:lng;42;420;i
20.21%;78.9428740096;47.6755577856;78.9428740096:lat;47.6755577856:lng;43;430;x
24.23%;10.0581952512;160.0604525568;10.0581952512:lat;160.0604525568:lng;52;520;X
34.62%;40.1120018432;174.3974321152;40.1120018432:lat;174.3974321152:lng;79;790;w
72.34%;-3.8811510784;-15.6713555968;-3.8811510784:lat;-15.6713555968:lng;84;840;K
50.22%;10.2593314816;149.6385982464;10.2593314816:lat;149.6385982464:lng;30;300;e
58.56%;-10.4413872128;40.3671611392;-10.4413872128:lat;40.3671611392:lng;94;940;X
28.55%;-29.6848929792;-45.4925570048;-29.6848929792:lat;-45.4925570048:lng;15;150;N
21.46%;89.4098916352;-7.0686355456;89.4098916352:lat;-7.0686355456:lng;14;140;B
99.73%;-71.37215232;18.0777421824;-71.37215232:lat;18.0777421824:lng;14;140;k
43.62%;80.2045596672;-160.6234023936;80.2045596672:lat;-160.6234023936:lng;98;980;X
33.98%;16.4085986304;-159.4618740736;16.4085986304:lat;-159.4618740736:lng;82;820;Q
76.43%;-38.1719366656;114.0348924928;-38.1719366656:lat;114.0348924928:lng;93;930;H
28.94%;-13.4870706176;-130.1797648384;-13.4870706176:lat;-130.1797648384:lng;19;190;q
83.89%;-24.420224;142.6536772608;-24.420224:lat;142.6536772608:lng;17;170;s
45.29%;51.9962191872;45.8310791168;51.9962191872:lat;45.8310791168:lng;83;830;G
85.65%;75.2232066048;-130.9214368768;75.2232066048:lat;-130.9214368768:lng;94;940;X
36.56%;-32.0268716032;76.3195657216;-32.0268716032:lat;76.3195657216:lng;74;740;w
39.81%;71.7175056384;68.2965039104;71.7175056384:lat;68.2965039104:lng;83;830;p
15.85%;-22.6306977792;36.5752654848;-22.6306977792:lat;36.5752654848:lng;70;700;E
57.28%;-70.978892288;129.027014656;-70.978892288:lat;129.027014656:lng;11;110;p
12.52%;-9.0384284672;-176.9250011136;-9.0384284672:lat;-176.9250011136:lng;67;670;f
26.67%;-66.779165696;-42.5554020352;-66.779165696:lat;-42.5554020352:lng;79;790;N
96.41%;-2.8304550912;-165.8554860544;-2.8304550912:lat;-165.8554860544:lng;98;980;d
36.52%;56.8066040832;-117.9977575424;56.8066040832:lat;-117.9977575424:lng;60;600;b
65.24%;-27.3980430336;-44.7461951488;-27.3980430336:lat;-44.7461951488:lng;35;350;U
64.81%;-75.3032288256;-47.7103543296;-75.3032288256:lat;-47.7103543296:lng;41;410;E
87.17%;83.8773052416;-162.3597058048;83.8773052416:lat;-162.3597058048:lng;64;640;c
71.28%;-77.673427456;74.1376159744;-77.673427456:lat;74.1376159744:lng;50;500;g
96.57%;50.7626172416;-103.6376255488;50.7626172416:lat;-103.6376255488:lng;17;170;B
76.74%;39.7871005696;79.2601438208;39.7871005696:lat;79.2601438208:lng;68;680;M
11.25%;25.6705135616;-117.9870618624;25.6705135616:lat;-117.9870618624:lng;18;180;q
84.65%;-3.5441004544;-69.7526222848;-3.5441004544:lat;-69.7526222848:lng;52;520;g
13.33%;59.697859072;-142.308504576;59.697859072:lat;-142.308504576:lng;32;320;e
12.31%;46.043080192;-75.2664512512;46.043080192:lat;-75.2664512512:lng;59;590;X
12.92%;31.8526729216;59.3077312512;31.8526729216:lat;59.3077312512:lng;37;370;J
89.68%;-63.156964352;-6.323148288;-63.156964352:lat;-6.323148288:lng;56;560;P
34.42%;-46.254900736;117.2616544256;-46.254900736:lat;117.2616544256:lng;87;870;h
34.56%;-56.86618368;-60.45752064;-56.86618368:lat;-60.45752064:lng;13;130;R
99.28%;-82.4002624512;-50.6265442304;-82.4002624512:lat;-50.6265442304:lng;66;660;Z
26.69%;30.2166291456;156.1660244992;30.2166291456:lat;156.1660244992:lng;99;990;Y
41.23%;-0.8833001472;-115.2964174848;-0.8833001472:lat;-115.2964174848:lng;29;290;W
23.95%;74.5920980992;-135.6808580096;74.5920980992:lat;-135.6808580096:lng;93;930;L
92.73%;69.7357006848;81.553645568;69.7357006848:lat;81.553645568:lng;78;780;Z
32.97%;43.019884032;32.5092563968;43.019884032:lat;32.5092563968:lng;14;140;P
76.18%;-29.8862994432;170.0566104064;-29.8862994432:lat;170.0566104064:lng;14;140;g
63.24%;-89.0422651904;-29.2312471552;-89.0422651904:lat;-29.2312471552:lng;56;560;u
31.82%;1.3364035584;-75.3634373632;1.3364035584:lat;-75.3634373632:lng;97;970;V
35.55%;-50.0865851392;-116.3545971712;-50.0865851392:lat;-116.3545971712:lng;41;410;T
48.95%;24.7231589376;-137.2240206848;24.7231589376:lat;-137.2240206848:lng;62;620;z
67.94%;-59.921073152;-167.7265447936;-59.921073152:lat;-167.7265447936:lng;20;200;N
85.04%;14.6971259904;54.0599967744;14.6971259904:lat;54.0599967744:lng;41;410;S
68.76%;-19.5052527616;-21.6318784512;-19.5052527616:lat;-21.6318784512:lng;96;960;h
82.12%;-52.0448943104;67.5732547584;-52.0448943104:lat;67.5732547584:lng;52;520;a
46.15%;-31.265569792;48.5250772992;-31.265569792:lat;48.5250772992:lng;24;240;C
93.85%;-85.3545649152;-158.1233595392;-85.3545649152:lat;-158.1233595392:lng;18;180;S
40.17%;-38.6295766016;34.3337718784;-38.6295766016:lat;34.3337718784:lng;18;180;h
56.85%;34.5391568896;51.7431830528;34.5391568896:lat;51.7431830528:lng;41;410;a
85.14%;44.0200424448;166.8819347456;44.0200424448:lat;166.8819347456:lng;93;930;m
15.96%;85.5006199808;46.6339021824;85.5006199808:lat;46.6339021824:lng;43;430;i
72.68%;-42.2257352704;-68.958406144;-42.2257352704:lat;-68.958406144:lng;86;860;v
69.74%;17.8567653376;-170.0799115264;17.8567653376:lat;-170.0799115264:lng;68;680;D
82.94%;70.7865317376;104.423940096;70.7865317376:lat;104.423940096:lng;25;250;M
38.32%;4.6507928576;15.7603074048;4.6507928576:lat;15.7603074048:lng;20;200;J
68.04%;-65.2381428736;-107.4068667392;-65.2381428736:lat;-107.4068667392:lng;66;660;w
53.83%;-44.5187191808;12.4048512;-44.5187191808:lat;12.4048512:lng;36;360;i
29.65%;4.376663552;-163.84228608;4.376663552:lat;-163.84228608:lng;27;270;I
65.65%;-35.3368215552;142.9225862144;-35.3368215552:lat;142.9225862144:lng;21;210;t
26.26%;77.8998744064;168.8022687744;77.8998744064:lat;168.8022687744:lng;61;610;n
63.78%;-34.095074816;140.3146074112;-34.095074816:lat;140.3146074112:lng;16;160;Z
98.27%;-71.2008537088;117.3903392768;-71.2008537088:lat;117.3903392768:lng;30;300;Q
27.16%;83.7904768;-150.9831250944;83.7904768:lat;-150.9831250944:lng;35;350;b
24.96%;21.5719447552;-172.0632979456;21.5719447552:lat;-172.0632979456:lng;13;130;e
36.43%;-69.0276247552;124.9117935616;-69.0276247552:lat;124.9117935616:lng;52;520;K
81.66%;-74.9752561664;40.104574464;-74.9752561664:lat;40.104574464:lng;94;940;s
11.64%;-53.518598656;5.4477140992;-53.518598656:lat;5.4477140992:lng;33;330;t
51.13%;69.8846195712;-141.632502784;69.8846195712:lat;-141.632502784:lng;95;950;n
92.65%;-25.3499942912;-97.7620347904;-25.3499942912:lat;-97.7620347904:lng;64;640;K
11.98%;30.3319171072;-7.4133286912;30.3319171072:lat;-7.4133286912:lng;75;750;v
63.56%;81.9487412224;115.3707515904;81.9487412224:lat;115.3707515904:lng;83;830;Z
53.59%;19.6447292416;-72.25536256;19.6447292416:lat;-72.25536256:lng;61;610;f
36.65%;55.2177808384;-116.809357824;55.2177808384:lat;-116.809357824:lng;34;340;u
67.16%;-24.9966700544;-116.904987136;-24.9966700544:lat;-116.904987136:lng;46;460;s
81.76%;87.5192259584;105.0985237504;87.5192259584:lat;105.0985237504:lng;68;680;X
78.84%;37.6192155648;29.3965353984;37.6192155648:lat;29.3965353984:lng;95;950;M
49.55%;-8.0510830592;-159.9266081792;-8.0510830592:lat;-159.9266081792:lng;76;760;g
47.22%;15.102294528;128.0922281984;15.102294528:lat;128.0922281984:lng;87;870;P
44.24%;-44.7131956224;-152.4331768832;-44.7131956224:lat;-152.4331768832:lng;41;410;j
67.43%;-58.4011209728;173.1482978304;-58.4011209728:lat;173.1482978304:lng;78;780;t
95.81%;21.9829619712;144.9271994368;21.9829619712:lat;144.9271994368:lng;13;130;L
18.43%;41.8027802624;112.3648842752;41.8027802624:lat;112.3648842752:lng;17;170;N
88.42%;30.23540224;85.355780608;30.23540224:lat;85.355780608:lng;90;900;G
94.13%;-20.0826761216;-89.6604269568;-20.0826761216:lat;-89.6604269568:lng;60;600;V
40.07%;-30.8740826112;-90.1347468288;-30.8740826112:lat;-90.1347468288:lng;88;880;W
77.42%;-76.7007606784;-9.6196749312;-76.7007606784:lat;-9.6196749312:lng;55;550;P
55.04%;-65.689545728;-117.9539622912;-65.689545728:lat;-117.9539622912:lng;56;560;Q
70.27%;44.15481856;-149.157577728;44.15481856:lat;-149.157577728:lng;34;340;C
54.08%;61.4695247872;-87.8397053952;61.4695247872:lat;-87.8397053952:lng;64;640;O
21.31%;-42.3772537856;46.4538704896;-42.3772537856:lat;46.4538704896:lng;37;370;O
71.83%;45.5376248832;-149.461164032;45.5376248832:lat;-149.461164032:lng;33;330;H
68.75%;-86.8514982912;-13.7098043392;-86.8514982912:lat;-13.7098043392:lng;43;430;O
58.24%;61.0295386112;-177.764255232;61.0295386112:lat;-177.764255232:lng;81;810;k
35.37%;-71.3796801536;148.0979324928;-71.3796801536:lat;148.0979324928:lng;53;530;h
26.51%;-85.2608379904;133.789881344;-85.2608379904:lat;133.789881344:lng;41;410;H
34.34%;35.3128356864;76.8856654848;35.3128356864:lat;76.8856654848:lng;42;420;G
71.69%;60.7768998912;159.6835141632;60.7768998912:lat;159.6835141632:lng;39;390;X
90.91%;-62.5666665472;168.506632704;-62.5666665472:lat;168.506632704:lng;31;310;l
93.73%;-84.2148068352;60.527457792;-84.2148068352:lat;60.527457792:lng;76;760;i
93.88%;79.1384338432;101.0259651584;79.1384338432:lat;101.0259651584:lng;26;260;j
31.29%;-75.4836457472;115.036812288;-75.4836457472:lat;115.036812288:lng;95;950;Z
29.29%;36.2549786624;-91.9327627264;36.2549786624:lat;-91.9327627264:lng;50;500;D
57.78%;-36.7957067776;54.3463108608;-36.7957067776:lat;54.3463108608:lng;40;400;f
35.48%;6.5577520128;-126.6115505152;6.5577520128:lat;-126.6115505152:lng;17;170;C
75.36%;-36.4540770304;-60.8425752576;-36.4540770304:lat;-60.8425752576:lng;38;380;Q
69.86%;57.5684835328;-125.7383692288;57.5684835328:lat;-125.7383692288:lng;67;670;P
96.65%;76.8654821376;50.9585568768;76.8654821376:lat;50.9585568768:lng;13;130;W
26.58%;78.7442203648;66.913385472;78.7442203648:lat;66.913385472:lng;91;910;E
62.01%;-34.1239415808;35.2684940288;-34.1239415808:lat;35.2684940288:lng;12;120;S
77.69%;-15.0005492736;86.2530745344;-15.0005492736:lat;86.2530745344:lng;85;850;V
65.86%;-55.4592654336;123.4766445568;-55.4592654336:lat;123.4766445568:lng;41;410;y
84.85%;62.0267753472;-27.085359104;62.0267753472:lat;-27.085359104:lng;11;110;y
30.44%;9.0481900544;-167.4772635648;9.0481900544:lat;-167.4772635648:lng;55;550;P
88.12%;-23.1216318464;-124.0700438528;-23.1216318464:lat;-124.0700438528:lng;51;510;s
87.48%;72.5808038912;-42.8458372096;72.5808038912:lat;-42.8458372096:lng;15;150;B
84.47%;37.7665586176;-30.688344576;37.7665586176:lat;-30.688344576:lng;12;120;M
82.12%;-51.0627170304;-128.8242470912;-51.0627170304:lat;-128.8242470912:lng;59;590;n
26.67%;3.8291771392;64.8575760384;3.8291771392:lat;64.8575760384:lng;83;830;w
89.44%;6.8388312064;-26.6763800576;6.8388312064:lat;-26.6763800576:lng;57;570;u
36.72%;-48.2361629696;-164.8156773376;-48.2361629696:lat;-164.8156773376:lng;70;700;M
56.38%;-87.7203756032;126.6713259008;-87.7203756032:lat;126.6713259008:lng;97;970;H
65.77%;68.2548212736;18.0725834752;68.2548212736:lat;18.0725834752:lng;82;820;l
57.49%;33.5745568768;-8.5067072512;33.5745568768:lat;-8.5067072512:lng;13;130;V
73.76%;35.61184768;131.3825835008;35.61184768:lat;131.3825835008:lng;83;830;g
18.66%;-61.3369644032;-65.9490976768;-61.3369644032:lat;-65.9490976768:lng;87;870;T
28.33%;-82.764291584;83.0101579776;-82.764291584:lat;83.0101579776:lng;18;180;K
41.78%;-84.4477047808;3.1156644864;-84.4477047808:lat;3.1156644864:lng;48;480;i
63.41%;-1.324839936;-49.9078147072;-1.324839936:lat;-49.9078147072:lng;16;160;q
18.47%;17.0250691584;179.2993739776;17.0250691584:lat;179.2993739776:lng;29;290;X
64.69%;81.961346048;-89.4084422656;81.961346048:lat;-89.4084422656:lng;48;480;W
57.35%;19.3675937792;-116.1724775424;19.3675937792:lat;-116.1724775424:lng;54;540;c
65.24%;-88.4900727808;50.1203820544;-88.4900727808:lat;50.1203820544:lng;63;630;E
21.52%;-1.9135981568;170.547000832;-1.9135981568:lat;170.547000832:lng;46;460;c
93.98%;-86.9277441024;101.6465467392;-86.9277441024:lat;101.6465467392:lng;26;260;W
70.86%;43.9559222272;153.7343333376;43.9559222272:lat;153.7343333376:lng;59;590;W
32.87%;-8.8667794432;163.0411618304;-8.8667794432:lat;163.0411618304:lng;35;350;H
38.87%;40.559833088;65.828271104;40.559833088:lat;65.828271104:lng;60;600;G
26.61%;59.5548841984;128.741854208;59.5548841984:lat;128.741854208:lng;56;560;s
73.94%;-74.3483211776;-1.7894539264;-74.3483211776:lat;-1.7894539264:lng;10;100;a
42.48%;-79.6460638208;-119.3693580288;-79.6460638208:lat;-119.3693580288:lng;89;890;L
70.02%;51.2340959232;-42.2559710208;51.2340959232:lat;-42.2559710208:lng;56;560;Y
23.88%;-36.2265394176;-163.726194688;-36.2265394176:lat;-163.726194688:lng;39;390;H
56.83%;-2.377183232;-141.4823016448;-2.377183232:lat;-141.4823016448:lng;38;380;F
47.57%;-27.439250432;56.4086975488;-27.439250432:lat;56.4086975488:lng;49;490;x
42.49%;49.9702023168;6.5317978112;49.9702023168:lat;6.5317978112:lng;57;570;S
25.52%;-86.6576611328;-2.92987392;-86.6576611328:lat;-2.92987392:lng;39;390;Z
68.64%;-43.8154674176;-145.5216775168;-43.8154674176:lat;-145.5216775168:lng;67;670;i
64.63%;-46.9347011584;-128.2753370112;-46.9347011584:lat;-128.2753370112:lng;70;700;M
43.25%;-72.1365308416;-23.158178816;-72.1365308416:lat;-23.158178816:lng;75;750;R
57.53%;-10.3906410496;146.4152224768;-10.3906410496:lat;146.4152224768:lng;21;210;y
73.45%;15.0043855872;-135.9763935232;15.0043855872:lat;-135.9763935232:lng;29;290;P
57.84%;82.5334918144;-69.3915090944;82.5334918144:lat;-69.3915090944:lng;74;740;j
83.51%;-26.1882975232;-27.0193946624;-26.1882975232:lat;-27.0193946624:lng;33;330;y
35.66%;-83.0778354688;-39.2416618496;-83.0778354688:lat;-39.2416618496:lng;56;560;e
74.67%;78.9714349056;-171.154136064;78.9714349056:lat;-171.154136064:lng;76;760;A
91.46%;31.7487578112;-38.6190542848;31.7487578112:lat;-38.6190542848:lng;76;760;K
54.75%;-89.1863083008;-112.649890816;-89.1863083008:lat;-112.649890816:lng;58;580;v
93.68%;-13.8398281728;130.4844742656;-13.8398281728:lat;130.4844742656:lng;32;320;O
15.37%;61.8048205824;81.2186923008;61.8048205824:lat;81.2186923008:lng;58;580;O
93.46%;-6.2958290944;123.560275456;-6.2958290944:lat;123.560275456:lng;42;420;k
65.81%;-12.4844854272;126.2876004352;-12.4844854272:lat;126.2876004352:lng;54;540;N
56.68%;64.7967500288;-46.5818013696;64.7967500288:lat;-46.5818013696:lng;85;850;V
93.27%;22.038439424;-71.4029855744;22.038439424:lat;-71.4029855744:lng;75;750;w
49.54%;55.5163001856;-55.0988878848;55.5163001856:lat;-55.0988878848:lng;45;450;U
51.76%;-18.6283717632;116.0645886976;-18.6283717632:lat;116.0645886976:lng;37;370;Y
65.55%;66.5296285696;14.0075049984;66.5296285696:lat;14.0075049984:lng;22;220;P
47.27%;82.0725625856;-104.2807553024;82.0725625856:lat;-104.2807553024:lng;68;680;N
36.53%;87.8257421312;144.9816877056;87.8257421312:lat;144.9816877056:lng;44;440;e
85.56%;-15.1184869376;75.8894872576;-15.1184869376:lat;75.8894872576:lng;79;790;T
97.68%;15.8916009984;-118.9461408768;15.8916009984:lat;-118.9461408768:lng;11;110;U
52.22%;31.4871397376;-139.240825344;31.4871397376:lat;-139.240825344:lng;27;270;o
56.64%;14.0640694272;-121.8055216128;14.0640694272:lat;-121.8055216128:lng;83;830;J
26.23%;-11.2215299072;38.4446278656;-11.2215299072:lat;38.4446278656:lng;82;820;m
77.93%;-78.6017492992;124.6620509184;-78.6017492992:lat;124.6620509184:lng;32;320;A
84.49%;2.0495787008;85.9456974848;2.0495787008:lat;85.9456974848:lng;92;920;G
89.12%;86.2407396352;-114.748274176;86.2407396352:lat;-114.748274176:lng;61;610;Y
28.47%;-32.5504620544;44.6028132352;-32.5504620544:lat;44.6028132352:lng;34;340;U
77.44%;-41.3187959808;-84.9731713024;-41.3187959808:lat;-84.9731713024:lng;35;350;V
79.96%;-44.0022336512;29.6306673664;-44.0022336512:lat;29.6306673664:lng;64;640;u
25.42%;24.8395185152;43.1060883456;24.8395185152:lat;43.1060883456:lng;27;270;n
80.67%;-51.3655891968;72.819490304;-51.3655891968:lat;72.819490304:lng;98;980;U
54.12%;67.8864826368;106.2098806784;67.8864826368:lat;106.2098806784:lng;78;780;M
95.16%;-69.5740726272;78.798126592;-69.5740726272:lat;78.798126592:lng;73;730;S
69.47%;-32.1477134336;23.4272924672;-32.1477134336:lat;23.4272924672:lng;29;290;V
72.73%;18.2394580992;116.1390434304;18.2394580992:lat;116.1390434304:lng;11;110;D
75.46%;-4.1082817536;80.831525888;-4.1082817536:lat;80.831525888:lng;88;880;w
28.61%;29.3123477504;177.0763460608;29.3123477504:lat;177.0763460608:lng;46;460;s
92.17%;-3.5526140928;85.7446961152;-3.5526140928:lat;85.7446961152:lng;47;470;w
59.63%;-23.4602180608;-105.01363968;-23.4602180608:lat;-105.01363968:lng;27;270;i
62.83%;89.9925665792;9.557817856;89.9925665792:lat;9.557817856:lng;31;310;q
87.82%;-81.8625759232;-98.2735755264;-81.8625759232:lat;-98.2735755264:lng;85;850;p
37.22%;11.849412096;-26.952476672;11.849412096:lat;-26.952476672:lng;69;690;G
18.44%;18.477403136;117.7903094784;18.477403136:lat;117.7903094784:lng;49;490;M
24.62%;-7.5152441344;55.1242020864;-7.5152441344:lat;55.1242020864:lng;42;420;Q
58.02%;37.4856600576;-9.623656448;37.4856600576:lat;-9.623656448:lng;52;520;Y
40.58%;-55.261059072;-101.7756486656;-55.261059072:lat;-101.7756486656:lng;49;490;U
44.75%;-42.236246016;-7.0952343552;-42.236246016:lat;-7.0952343552:lng;84;840;f
55.34%;-28.888883712;-111.4415739904;-28.888883712:lat;-111.4415739904:lng;92;920;x
79.11%;43.0085961728;168.0365100032;43.0085961728:lat;168.0365100032:lng;85;850;j
93.31%;52.0101896192;-109.1483953152;52.0101896192:lat;-109.1483953152:lng;15;150;R
38.18%;56.9272292352;-1.0576651264;56.9272292352:lat;-1.0576651264:lng;58;580;m
99.53%;-63.3290676224;33.8659470336;-63.3290676224:lat;33.8659470336:lng;80;800;p
25.95%;45.822783488;142.709472768;45.822783488:lat;142.709472768:lng;81;810;o
46.17%;15.5612475392;116.5524801536;15.5612475392:lat;116.5524801536:lng;65;650;T
98.37%;43.6909099008;-71.6929092608;43.6909099008:lat;-71.6929092608:lng;74;740;C
27.33%;75.00645376;62.676059648;75.00645376:lat;62.676059648:lng;22;220;A
67.76%;-34.5343630336;-85.69114368;-34.5343630336:lat;-85.69114368:lng;17;170;c
22.18%;-41.4867936256;42.097746944;-41.4867936256:lat;42.097746944:lng;67;670;a
26.15%;85.8407764992;156.5540400128;85.8407764992:lat;156.5540400128:lng;62;620;H
76.67%;47.148317184;-99.0850030592;47.148317184:lat;-99.0850030592:lng;20;200;v
26.51%;3.195894784;-7.450413568;3.195894784:lat;-7.450413568:lng;51;510;c
47.73%;-85.4446441472;108.758326784;-85.4446441472:lat;108.758326784:lng;72;720;Z
23.43%;-19.0780015616;111.1961202688;-19.0780015616:lat;111.1961202688:lng;50;500;I
24.13%;-30.1683928064;-163.8405031936;-30.1683928064:lat;-163.8405031936:lng;24;240;d
63.76%;77.3316414464;-6.8805049344;77.3316414464:lat;-6.8805049344:lng;68;680;M
97.34%;-83.1777558528;125.3685810176;-83.1777558528:lat;125.3685810176:lng;67;670;p
38.34%;-84.4018254848;-10.8061845504;-84.4018254848:lat;-10.8061845504:lng;18;180;F
42.36%;-49.2682898432;-109.6564528128;-49.2682898432:lat;-109.6564528128:lng;97;970;N
94.35%;78.5440899072;-143.7494616064;78.5440899072:lat;-143.7494616064:lng;39;390;D
52.42%;89.1776569344;-141.2928062464;89.1776569344:lat;-141.2928062464:lng;70;700;b
66.76%;-46.4427099136;-93.6020948992;-46.4427099136:lat;-93.6020948992:lng;99;990;R
84.61%;-52.9246358528;-84.0000356352;-52.9246358528:lat;-84.0000356352:lng;57;570;I
41.77%;-9.6588704768;2.8642861056;-9.6588704768:lat;2.8642861056:lng;29;290;f
77.13%;35.7173093376;-27.9714333696;35.7173093376:lat;-27.9714333696:lng;97;970;x
48.58%;47.8041339904;-25.7425220608;47.8041339904:lat;-25.7425220608:lng;30;300;X
32.19%;-58.22673408;-165.5030125568;-58.22673408:lat;-165.5030125568:lng;34;340;x
25.77%;10.6096340992;-70.6058650624;10.6096340992:lat;-70.6058650624:lng;83;830;h
17.63%;86.117346304;171.3045489664;86.117346304:lat;171.3045489664:lng;49;490;v
68.06%;-61.772385792;-84.2718921728;-61.772385792:lat;-84.2718921728:lng;62;620;J
35.72%;-18.66825984;-70.821843968;-18.66825984:lat;-70.821843968:lng;32;320;A
97.88%;-87.41011968;-62.6709030912;-87.41011968:lat;-62.6709030912:lng;69;690;q
95.95%;-52.0955716608;5.383897088;-52.0955716608:lat;5.383897088:lng;61;610;F
52.13%;8.1708507136;50.3989936128;8.1708507136:lat;50.3989936128:lng;43;430;J
25.18%;-36.4673267712;135.8139779072;-36.4673267712:lat;135.8139779072:lng;90;900;C
74.57%;-2.7196137472;3.2251362304;-2.7196137472:lat;3.2251362304:lng;75;750;q
52.46%;-76.0457984;-131.2574086144;-76.0457984:lat;-131.2574086144:lng;83;830;e
63.39%;-86.7685773312;117.357886464;-86.7685773312:lat;117.357886464:lng;36;360;j
98.84%;67.0054013952;15.6637370368;67.0054013952:lat;15.6637370368:lng;61;610;P
63.86%;-25.556257792;-97.6829661184;-25.556257792:lat;-97.6829661184:lng;74;740;e
85.77%;79.248173568;145.3848342528;79.248173568:lat;145.3848342528:lng;48;480;l
41.34%;53.6105960448;-150.534056448;53.6105960448:lat;-150.534056448:lng;12;120;V
71.12%;-43.347252736;-25.151944192;-43.347252736:lat;-25.151944192:lng;63;630;R
64.55%;82.1916785664;40.1801787392;82.1916785664:lat;40.1801787392:lng;11;110;r
11.94%;82.9013861376;-127.9556909056;82.9013861376:lat;-127.9556909056:lng;25;250;f
76.35%;75.0605727744;-10.9831215104;75.0605727744:lat;-10.9831215104:lng;21;210;r
94.47%;35.5635407872;-69.9656788992;35.5635407872:lat;-69.9656788992:lng;84;840;O
78.39%;-85.439215104;-156.3852591104;-85.439215104:lat;-156.3852591104:lng;26;260;i
78.04%;53.7500063744;77.7539958784;53.7500063744:lat;77.7539958784:lng;51;510;X
85.24%;36.7285997568;-4.92095232;36.7285997568:lat;-4.92095232:lng;50;500;D
43.38%;-26.655802368;-113.8510162944;-26.655802368:lat;-113.8510162944:lng;70;700;O
25.96%;-2.0518463488;-177.8453353472;-2.0518463488:lat;-177.8453353472:lng;42;420;x
32.96%;48.77875456;-161.5230651392;48.77875456:lat;-161.5230651392:lng;18;180;f
68.25%;-53.5280946176;115.756713472;-53.5280946176:lat;115.756713472:lng;77;770;d
55.32%;-81.8463224832;47.4646913024;-81.8463224832:lat;47.4646913024:lng;75;750;T
22.78%;56.8611033088;-25.5977534464;56.8611033088:lat;-25.5977534464:lng;42;420;K
51.28%;-44.423368192;22.6340133888;-44.423368192:lat;22.6340133888:lng;40;400;a
61.54%;-83.9545617408;-70.1077578752;-83.9545617408:lat;-70.1077578752:lng;27;270;o
31.98%;15.0089728;-88.4463527936;15.0089728:lat;-88.4463527936:lng;52;520;Q
89.74%;-20.9380824064;-36.1815830528;-20.9380824064:lat;-36.1815830528:lng;61;610;w
28.26%;51.6667442176;116.0739680256;51.6667442176:lat;116.0739680256:lng;79;790;V
48.83%;-69.4438499328;-19.4157282304;-69.4438499328:lat;-19.4157282304:lng;11;110;t
76.15%;-18.328584704;-84.4532205568;-18.328584704:lat;-84.4532205568:lng;69;690;H
53.84%;70.932535808;15.8718183424;70.932535808:lat;15.8718183424:lng;12;120;T
55.67%;-8.8277482496;-105.855340032;-8.8277482496:lat;-105.855340032:lng;91;910;t
48.56%;-27.2039054336;146.3224206336;-27.2039054336:lat;146.3224206336:lng;98;980;J
23.41%;-54.9489247232;-155.971536384;-54.9489247232:lat;-155.971536384:lng;54;540;a
81.27%;-56.398421504;23.5558754304;-56.398421504:lat;23.5558754304:lng;58;580;v
58.35%;-34.1560018944;97.5392863232;-34.1560018944:lat;97.5392863232:lng;41;410;U
87.81%;21.7491334144;119.3370820608;21.7491334144:lat;119.3370820608:lng;38;380;q
76.63%;-38.2189032448;-172.2110968832;-38.2189032448:lat;-172.2110968832:lng;35;350;V
11.05%;-18.760417792;-10.2453047296;-18.760417792:lat;-10.2453047296:lng;36;360;x
85.37%;70.7114619904;-80.5096641536;70.7114619904:lat;-80.5096641536:lng;49;490;F
51.62%;-58.8173770752;-88.7148070912;-58.8173770752:lat;-88.7148070912:lng;13;130;N
24.17%;-9.1315027968;113.5179471872;-9.1315027968:lat;113.5179471872:lng;73;730;q
63.05%;81.1271520256;-152.5760140288;81.1271520256:lat;-152.5760140288:lng;71;710;Y
36.06%;-86.226906624;160.9552385024;-86.226906624:lat;160.9552385024:lng;15;150;X
74.86%;-24.2487860224;-12.6661699584;-24.2487860224:lat;-12.6661699584:lng;26;260;W
46.34%;-86.2794718208;18.8832233472;-86.2794718208:lat;18.8832233472:lng;12;120;S
21.22%;-31.2899452928;10.2864367616;-31.2899452928:lat;10.2864367616:lng;24;240;p
83.56%;10.407922688;10.9139966976;10.407922688:lat;10.9139966976:lng;12;120;q
56.02%;-80.7214661632;-47.7501082624;-80.7214661632:lat;-47.7501082624:lng;18;180;s
89.12%;52.0005999616;-136.9643410432;52.0005999616:lat;-136.9643410432:lng;18;180;y
40.36%;-55.5956074496;78.0645819392;-55.5956074496:lat;78.0645819392:lng;74;740;Q
67.52%;-74.79673344;86.581669376;-74.79673344:lat;86.581669376:lng;63;630;u
32.72%;41.2863865856;24.044205056;41.2863865856:lat;24.044205056:lng;31;310;T
33.86%;-80.8377209856;76.7619108864;-80.8377209856:lat;76.7619108864:lng;24;240;d
82.73%;-21.3740333056;89.5320686592;-21.3740333056:lat;89.5320686592:lng;36;360;C
86.18%;75.306541568;-127.2198582272;75.306541568:lat;-127.2198582272:lng;80;800;h
93.98%;-14.971798016;-119.8088093696;-14.971798016:lat;-119.8088093696:lng;58;580;k
94.62%;19.9911230464;128.7178985472;19.9911230464:lat;128.7178985472:lng;98;980;r
47.37%;53.1738535936;-84.7031597056;53.1738535936:lat;-84.7031597056:lng;51;510;r
91.02%;-19.861523456;-126.5169657856;-19.861523456:lat;-126.5169657856:lng;57;570;s
70.64%;21.080914944;-150.3392021504;21.080914944:lat;-150.3392021504:lng;51;510;t
56.69%;19.687136768;35.4085961728;19.687136768:lat;35.4085961728:lng;88;880;H
93.74%;-65.8043261952;-47.9559273472;-65.8043261952:lat;-47.9559273472:lng;98;980;S
28.67%;-38.8429523968;10.8848149504;-38.8429523968:lat;10.8848149504:lng;49;490;c
56.65%;-22.3612828672;-37.5896997888;-22.3612828672:lat;-37.5896997888:lng;17;170;G
28.74%;55.8641006592;-85.33832448;55.8641006592:lat;-85.33832448:lng;47;470;q
33.87%;52.3647295488;13.5386754048;52.3647295488:lat;13.5386754048:lng;27;270;f
62.44%;-24.9645182976;-146.1473978368;-24.9645182976:lat;-146.1473978368:lng;39;390;T
84.79%;66.6787849216;2.5350212608;66.6787849216:lat;2.5350212608:lng;37;370;h
27.32%;12.1494156288;112.867516416;12.1494156288:lat;112.867516416:lng;87;870;G
86.38%;31.6132434944;69.1453658112;31.6132434944:lat;69.1453658112:lng;44;440;I
26.28%;-78.907411968;-141.9204576256;-78.907411968:lat;-141.9204576256:lng;92;920;Y
88.16%;41.1600354304;-83.5858342912;41.1600354304:lat;-83.5858342912:lng;97;970;V
81.37%;4.1216859136;-144.3262405632;4.1216859136:lat;-144.3262405632:lng;41;410;c
36.09%;77.9180312576;-121.5705499648;77.9180312576:lat;-121.5705499648:lng;94;940;P
39.94%;-26.7906842624;104.312556032;-26.7906842624:lat;104.312556032:lng;55;550;Y
24.35%;77.6187191296;-28.719621632;77.6187191296:lat;-28.719621632:lng;56;560;M
46.32%;-42.5251197952;19.4520083456;-42.5251197952:lat;19.4520083456:lng;59;590;Z
47.72%;-68.634578432;-18.6751322112;-68.634578432:lat;-18.6751322112:lng;59;590;s
58.88%;71.7748734976;98.7574047744;71.7748734976:lat;98.7574047744:lng;68;680;g
19.57%;-11.7813711872;63.9294441472;-11.7813711872:lat;63.9294441472:lng;42;420;P
36.91%;69.3653182464;-50.2903428096;69.3653182464:lat;-50.2903428096:lng;81;810;b
14.05%;-38.0349261824;41.3686552576;-38.0349261824:lat;41.3686552576:lng;41;410;n
37.35%;66.4309582848;-74.3886838784;66.4309582848:lat;-74.3886838784:lng;61;610;M
83.27%;-39.5508708352;69.9579651072;-39.5508708352:lat;69.9579651072:lng;15;150;q
53.73%;76.1615632384;-125.8524878848;76.1615632384:lat;-125.8524878848:lng;78;780;N
74.64%;-46.8784482304;-85.8715718656;-46.8784482304:lat;-85.8715718656:lng;22;220;G
50.83%;66.9418135552;76.51634944;66.9418135552:lat;76.51634944:lng;89;890;E
63.44%;-30.91249664;22.568769536;-30.91249664:lat;22.568769536:lng;19;190;p
99.17%;49.5072057344;-170.9938582528;49.5072057344:lat;-170.9938582528:lng;46;460;w
55.83%;-77.309647872;111.6821492736;-77.309647872:lat;111.6821492736:lng;68;680;o
14.13%;-89.5556574208;97.2608060416;-89.5556574208:lat;97.2608060416:lng;80;800;M
92.67%;-32.6062937088;89.92203008;-32.6062937088:lat;89.92203008:lng;19;190;H
55.04%;26.133970432;133.957490688;26.133970432:lat;133.957490688:lng;78;780;K
65.27%;32.9726492672;-170.1433554944;32.9726492672:lat;-170.1433554944:lng;86;860;J
62.26%;68.4155620352;-123.4697710592;68.4155620352:lat;-123.4697710592:lng;86;860;O
44.23%;61.2677933056;-124.1006678016;61.2677933056:lat;-124.1006678016:lng;22;220;f
19.31%;-53.553033216;-133.8198621184;-53.553033216:lat;-133.8198621184:lng;69;690;g
63.44%;19.5837636608;138.9829023744;19.5837636608:lat;138.9829023744:lng;83;830;b
17.16%;59.9169589248;-64.1363641344;59.9169589248:lat;-64.1363641344:lng;35;350;G
84.35%;-44.7293805568;-133.7142477824;-44.7293805568:lat;-133.7142477824:lng;88;880;q
25.85%;4.6796585984;175.4708155392;4.6796585984:lat;175.4708155392:lng;61;610;R
82.21%;-7.2574554112;53.0018738176;-7.2574554112:lat;53.0018738176:lng;50;500;N
14.84%;69.9793524736;-160.2558396416;69.9793524736:lat;-160.2558396416:lng;60;600;X
41.46%;-16.3739736064;-124.5836194816;-16.3739736064:lat;-124.5836194816:lng;12;120;u
46.33%;48.5640451072;-47.9369224192;48.5640451072:lat;-47.9369224192:lng;48;480;E
54.25%;-9.0843646976;-96.6621744128;-9.0843646976:lat;-96.6621744128:lng;91;910;B
88.65%;3.9371138048;125.8982735872;3.9371138048:lat;125.8982735872:lng;43;430;o
25.41%;-76.6587930624;156.71941888;-76.6587930624:lat;156.71941888:lng;16;160;N
71.81%;74.9372739584;-20.8947319808;74.9372739584:lat;-20.8947319808:lng;47;470;q
